Probabilities	context	outcome
ALBERT	0.21686746987951808	0.5562248995983936
BERT	0.5020080321285141	1.0
DistilBERT	0.4919678714859438	0.9457831325301205
ELECTRA	0.4839357429718876	0.4959839357429719
FunnelTransformer	0.0	0.5662650602409639
Longformer	0.0	0.6104417670682731
MobileBERT	0.4919678714859438	0.9056224899598394
RoBERTa	0.0	0.5983935742971888
SqueezeBERT	0.4819277108433735	0.8815261044176707
XLMRoBERTa	0.1285140562248996	0.25502008032128515
