{"0": {"accuracy_one_train": 0.7748161764705882, "accuracy_two_train": 0.32169117647058826, "accuracy_one_test": 0.7775735294117647, "accuracy_two_test": 0.3272058823529412}}