{"0": {"accuracy_one_train": 0.9183673469387755, "accuracy_two_train": 0.1836734693877551, "accuracy_one_test": 0.9607843137254902, "accuracy_two_test": 0.2549019607843137}}