{"0": {"accuracy_one_train": 0.9183673469387755, "accuracy_two_train": 0.1836734693877551, "accuracy_one_test": 0.9803921568627451, "accuracy_two_test": 0.09803921568627451}}