{"0": {"accuracy_one_train": 0.7941176470588235, "accuracy_two_train": 0.33088235294117646, "accuracy_one_test": 0.8189338235294118, "accuracy_two_test": 0.3069852941176471}}