{"0": {"accuracy_one_train": 0.7867647058823529, "accuracy_two_train": 0.2803308823529412, "accuracy_one_test": 0.8042279411764706, "accuracy_two_test": 0.2555147058823529}}