{"0": {"accuracy_one_train": 0.7963340122199593, "accuracy_two_train": 0.32790224032586557, "accuracy_one_test": 0.8012820512820513, "accuracy_two_test": 0.32051282051282054}}