{"0": {"accuracy_one_train": 0.7831632653061225, "accuracy_two_train": 0.3392857142857143, "accuracy_one_test": 0.8415584415584415, "accuracy_two_test": 0.2857142857142857}}