{"0": {"accuracy_one_train": 0.7819767441860465, "accuracy_two_train": 0.29651162790697677, "accuracy_one_test": 0.8235294117647058, "accuracy_two_test": 0.22647058823529412}}