{"0": {"accuracy_one_train": 0.9591836734693877, "accuracy_two_train": 0.12244897959183673, "accuracy_one_test": 0.9607843137254902, "accuracy_two_test": 0.09803921568627451}}