{"0": {"accuracy_one_train": 0.9795918367346939, "accuracy_two_train": 0.04081632653061224, "accuracy_one_test": 1.0, "accuracy_two_test": 0.0784313725490196}}