{"0": {"accuracy_one_train": 0.49080882352941174, "accuracy_two_train": 0.23069852941176472, "accuracy_one_test": 0.47150735294117646, "accuracy_two_test": 0.22058823529411764}}