{"0": {"accuracy_one_train": 0.4852941176470588, "accuracy_two_train": 0.22058823529411764, "accuracy_one_test": 0.4733455882352941, "accuracy_two_test": 0.22242647058823528}}