{"0": {"accuracy_one_train": 0.8870056497175142, "accuracy_two_train": 0.14500941619585686, "accuracy_one_test": 0.8870056497175142, "accuracy_two_test": 0.1393596986817326}}