{"0": {"accuracy_one_train": 0.9403846153846154, "accuracy_two_train": 0.0673076923076923, "accuracy_one_test": 0.951417004048583, "accuracy_two_test": 0.07692307692307693}}