{"0": {"accuracy_one_train": 1.0, "accuracy_two_train": 0.04081632653061224, "accuracy_one_test": 0.9607843137254902, "accuracy_two_test": 0.058823529411764705}}