{"bert-base-cased": {"accuracy_one_train": 0.9935205183585313, "accuracy_two_train": 0.7613390928725702, "accuracy_one_test": 0.8804232804232804, "accuracy_two_test": 0.27936507936507937, "checkpoint": 210000}, "albert-base-v2": {"checkpoint": 290000, "accuracy_one_train": 0.9769585253456221, "accuracy_two_train": 0.8870967741935484, "accuracy_one_test": 0.7463768115942029, "accuracy_two_test": 0.3888888888888889}, "distilroberta-base": {"checkpoint": 240000, "accuracy_one_train": 0.9726315789473684, "accuracy_two_train": 0.6189473684210526, "accuracy_one_test": 0.7484143763213531, "accuracy_two_test": 0.4355179704016913}, "google/mobilebert-uncased": {"accuracy_one_train": 1.0, "accuracy_two_train": 0.8010989010989011, "accuracy_one_test": 0.9249471458773785, "accuracy_two_test": 0.28964059196617337, "checkpoint": 190000}, "squeezebert/squeezebert-uncased": {"checkpoint": 240000, "accuracy_one_train": 0.9955207166853304, "accuracy_two_train": 0.8185890257558791, "accuracy_one_test": 0.9075268817204301, "accuracy_two_test": 0.25591397849462366}, "roberta-base": {"checkpoint": 125000, "accuracy_one_train": 0.9539078156312625, "accuracy_two_train": 0.591182364729459, "accuracy_one_test": 0.8374485596707819, "accuracy_two_test": 0.3662551440329218}, "bert-large-cased-whole-word-masking": {"checkpoint": 25000, "accuracy_one_train": 0.8373161764705882, "accuracy_two_train": 0.16268382352941177, "accuracy_one_test": 0.8520220588235294, "accuracy_two_test": 0.1479779411764706}}